<?xml version="1.0" encoding="UTF-8"?>
<beans xmlns="http://www.springframework.org/schema/beans"
	xmlns:xsi="http://www.w3.org/2001/XMLSchema-instance"
	xmlns:mvc="http://www.springframework.org/schema/mvc"
	xmlns:context="http://www.springframework.org/schema/context"
	xsi:schemaLocation="
		http://www.springframework.org/schema/beans http://www.springframework.org/schema/beans/spring-beans-3.0.xsd
		http://www.springframework.org/schema/mvc http://www.springframework.org/schema/mvc/spring-mvc-3.0.xsd
		http://www.springframework.org/schema/context http://www.springframework.org/schema/context/spring-context-3.0.xsd">

	<!-- Scans the classpath of this application for @Components to deploy as beans -->
	<context:component-scan base-package="cn.edu.sjtu.petclinic.web.controller" />

	<!-- Application Message Bundle -->
	<bean id="messageSource" class="org.springframework.context.support.ReloadableResourceBundleMessageSource">
		<property name="basename" value="/WEB-INF/classes/messages" />
		<property name="cacheSeconds" value="0" />
	</bean>

	<!-- Configures the @Controller programming model -->
	<mvc:annotation-driven />
	
	<!-- Configures Handler Interceptors -->
	<mvc:interceptors>
		<!-- Changes the locale when a 'locale' request parameter is sent; e.g. /?locale=de -->
		<bean class="org.springframework.web.servlet.i18n.LocaleChangeInterceptor" />
		<mvc:interceptor>
			<mvc:mapping path="/admin/**/*" />
			<bean class="cn.edu.sjtu.petclinic.web.interceptor.AdminPermissionInterceptor">
				<property name="validUserClassName" value="Administrator" />
			</bean>
		</mvc:interceptor>
		<mvc:interceptor>
			<mvc:mapping path="/veterinarian/**/*" />
			<bean class="cn.edu.sjtu.petclinic.web.interceptor.UserPermissionInterceptor">
				<property name="validUserClassName" value="Veterinarian" />
			</bean>
		</mvc:interceptor>
		<mvc:interceptor>
			<mvc:mapping path="/petowner/**/*" />
			<bean class="cn.edu.sjtu.petclinic.web.interceptor.UserPermissionInterceptor">
				<property name="validUserClassName" value="PetOwner" />
			</bean>
		</mvc:interceptor>
	</mvc:interceptors>
	
	<!-- Saves a locale change using a cookie -->
	<bean id="localeResolver" class="org.springframework.web.servlet.i18n.CookieLocaleResolver" />
	
	<!-- Tiles 2 configuration-->
	<bean id="tilesConfigurer" class="org.springframework.web.servlet.view.tiles2.TilesConfigurer">
		<property name="definitions">
			<list>
				<!-- the tiles configuration files are declared here -->
				<value>/WEB-INF/classes/tiles-defs.xml</value>
			</list>
		</property>
	</bean>
	
	<bean id="tilesViewResolver" class="cn.edu.sjtu.common.spring.tiles2.ext.ExtUrlBasedViewResolver">
		<property name="viewClass" value="cn.edu.sjtu.common.spring.tiles2.ext.ExtTilesView" />
		<property name="exposeSpringMacroModel" value="true" />
	</bean>
	
	<!-- FreeMarker config -->
	<bean id="freemarkerConfig" class="org.springframework.web.servlet.view.freemarker.FreeMarkerConfigurer">
		<property name="templateLoaderPath" value="/" />
		 <property name="freemarkerVariables">
		    <map>
		      <entry key="xml_escape" value-ref="fmXmlEscape" />
		    </map>
		 </property>
	</bean>

	<bean id="fmXmlEscape" class="freemarker.template.utility.XmlEscape" />
	
	<bean id="viewResolver" class="org.springframework.web.servlet.view.freemarker.FreeMarkerViewResolver">
		<property name="cache" value="true" />
		<property name="prefix" value="" />
		<property name="suffix" value=".ftl" />
		<!-- if you want to use the Spring FreeMarker macros, set this property to true -->
		<property name="exposeSpringMacroHelpers" value="true" />
	</bean>

	<!-- Configures mvc mappings -->
	<import resource="applicationContext-mvc-mappings.xml" />
	
</beans>