<?xml version="1.0" encoding="UTF-8" ?>
<!DOCTYPE tiles-definitions PUBLIC "-//Apache Software Foundation//DTD Tiles Configuration 2.0//EN" "http://tiles.apache.org/dtds/tiles-config_2_0.dtd">
<tiles-definitions>

	<!-- ======================================================= -->
	<!-- Template definitions                                    -->
	<!-- ======================================================= -->
	<definition name="admin.1column" template="/WEB-INF/view/templates/admin/template_1column.ftl">
		<put-attribute name="header" value="admin.container.header" />
		<put-attribute name="body" value="admin.container.body" />
		<put-attribute name="footer" value="admin.container.footer" />
	</definition>
	<definition name="admin.2column" template="/WEB-INF/view/templates/admin/template_2column.ftl">
		<put-attribute name="header" value="admin.container.header" />
		<put-attribute name="left" value="admin.container.left" />
		<put-attribute name="body" value="admin.container.body" />
		<put-attribute name="footer" value="admin.container.footer" />
	</definition>
	
	<definition name="user.1column" template="/WEB-INF/view/templates/user/template_1column.ftl">
		<put-attribute name="header" value="user.container.header" />
		<put-attribute name="body" value="user.container.body" />
		<put-attribute name="footer" value="user.container.footer" />
	</definition>
	<definition name="user.2column.unlogin" template="/WEB-INF/view/templates/user/template_2column.ftl">
		<put-attribute name="header" value="user.container.header" />
		<put-attribute name="left" value="user.container.left.unlogin" />
		<put-attribute name="body" value="user.container.body" />
		<put-attribute name="footer" value="user.container.footer" />
	</definition>
	<definition name="user.2column" template="/WEB-INF/view/templates/user/template_2column.ftl">
		<put-attribute name="header" value="user.container.header" />
		<put-attribute name="left" value="user.container.left" />
		<put-attribute name="body" value="user.container.body" />
		<put-attribute name="footer" value="user.container.footer" />
	</definition>
	<definition name="veterinarian.2column" extends="user.2column">
		<put-attribute name="header" value="user.container.header" />
		<put-attribute name="left" value="veterinarian.container.left" />
		<put-attribute name="body" value="user.container.body" />
		<put-attribute name="footer" value="user.container.footer" />
	</definition>
	<definition name="petowner.2column" extends="user.2column">
		<put-attribute name="header" value="user.container.header" />
		<put-attribute name="left" value="petowner.container.left" />
		<put-attribute name="body" value="user.container.body" />
		<put-attribute name="footer" value="user.container.footer" />
	</definition>
	
	<!-- ======================================================= -->
	<!-- Container definitions                                   -->
	<!-- ======================================================= -->
	<definition name="admin.container.header" template="/WEB-INF/view/containers/admin/header.ftl"/>
	<definition name="admin.container.left" template="/WEB-INF/view/containers/admin/left.ftl"/>
	<definition name="admin.container.body" template="/WEB-INF/view/containers/admin/body.ftl"/>
	<definition name="admin.container.footer" template="/WEB-INF/view/containers/admin/footer.ftl"/>
	
	<definition name="admin.container.body.login" template="/WEB-INF/view/containers/admin/login.ftl"/>
	<definition name="admin.container.body.requestTempPassowrd_form" template="/WEB-INF/view/containers/admin/requestTempPassword_form.ftl"/>
	<definition name="admin.container.body.requestTempPassowrd_form_message" template="/WEB-INF/view/containers/admin/requestTempPassword_form_message.ftl"/>
	<definition name="admin.container.body.home" template="/WEB-INF/view/containers/admin/home.ftl"/>
	<definition name="admin.container.body.password_form" template="/WEB-INF/view/containers/admin/password_form.ftl"/>
	<definition name="admin.container.body.password_form_message" template="/WEB-INF/view/containers/admin/password_form_message.ftl"/>
	<definition name="admin.container.body.clinic_form_step1" template="/WEB-INF/view/containers/admin/clinic_form_step1.ftl"/>
	<definition name="admin.container.body.clinic_form_step2" template="/WEB-INF/view/containers/admin/clinic_form_step2.ftl"/>
	<definition name="admin.container.body.clinic_form_message" template="/WEB-INF/view/containers/admin/clinic_form_message.ftl"/>
	<definition name="admin.container.body.clinic_query" template="/WEB-INF/view/containers/admin/clinic_query.ftl"/>
	<definition name="admin.container.body.veterinarian_form_step1" template="/WEB-INF/view/containers/admin/veterinarian_form_step1.ftl"/>
	<definition name="admin.container.body.veterinarian_form_step2" template="/WEB-INF/view/containers/admin/veterinarian_form_step2.ftl"/>
	<definition name="admin.container.body.veterinarian_form_message" template="/WEB-INF/view/containers/admin/veterinarian_form_message.ftl"/>
	<definition name="admin.container.body.veterinarian_query" template="/WEB-INF/view/containers/admin/veterinarian_query.ftl"/>
	
	<definition name="user.container.header" template="/WEB-INF/view/containers/user/header.ftl"/>
	<definition name="user.container.left" template="/WEB-INF/view/containers/user/left.ftl"/>
	<definition name="user.container.left.unlogin" template="/WEB-INF/view/containers/user/left_unlogin.ftl"/>
	<definition name="user.container.body" template="/WEB-INF/view/containers/user/body.ftl"/>
	<definition name="user.container.footer" template="/WEB-INF/view/containers/user/footer.ftl"/>
	<definition name="user.container.body.index" template="/WEB-INF/view/containers/user/index.ftl"/>
	<definition name="user.container.body.login" template="/WEB-INF/view/containers/user/login.ftl"/>
	<definition name="user.container.body.register" template="/WEB-INF/view/containers/user/petowner/profile.ftl"/>
	<definition name="user.container.body.requestTempPassowrd_form" template="/WEB-INF/view/containers/user/requestTempPassword_form.ftl"/>
	<definition name="user.container.body.requestTempPassowrd_form_message" template="/WEB-INF/view/containers/user/requestTempPassword_form_message.ftl"/>
	<definition name="user.container.body.clinic_query" template="/WEB-INF/view/containers/user/clinic_query.ftl"/>
	<definition name="user.container.body.clinic_query_detail" template="/WEB-INF/view/containers/user/clinic_query_detail.ftl"/>
	<definition name="user.container.body.veterinarian_query" template="/WEB-INF/view/containers/user/veterinarian_query.ftl"/>
	<definition name="user.container.body.veterinarian_query_detail" template="/WEB-INF/view/containers/user/veterinarian_query_detail.ftl"/>

	<definition name="veterinarian.container.left" template="/WEB-INF/view/containers/user/veterinarian/left.ftl"/>
	<definition name="veterinarian.container.body.home" template="/WEB-INF/view/containers/user/veterinarian/home.ftl"/>
	<definition name="veterinarian.container.body.profile" template="/WEB-INF/view/containers/user/veterinarian/profile.ftl"/>
	<definition name="veterinarian.container.body.password_form" template="/WEB-INF/view/containers/user/password_form.ftl"/>
	<definition name="veterinarian.container.body.password_form_message" template="/WEB-INF/view/containers/user/password_form_message.ftl"/>
	<definition name="veterinarian.container.body.interrogation_query" template="/WEB-INF/view/containers/user/veterinarian/interrogation_query.ftl"/>
	<definition name="veterinarian.container.body.interrogation_query_detail" template="/WEB-INF/view/containers/user/veterinarian/interrogation_query_detail.ftl"/>
	<definition name="veterinarian.container.body.diagnosis_form" template="/WEB-INF/view/containers/user/veterinarian/diagnosis_form.ftl"/>
	<definition name="veterinarian.container.body.diagnosis_form_error" template="/WEB-INF/view/containers/user/veterinarian/diagnosis_form_error.ftl"/>
	<definition name="veterinarian.container.body.diagnosis_form_message" template="/WEB-INF/view/containers/user/veterinarian/diagnosis_form_message.ftl"/>
	<definition name="veterinarian.container.body.diagnosis_query" template="/WEB-INF/view/containers/user/veterinarian/diagnosis_query.ftl"/>
	<definition name="veterinarian.container.body.diagnosis_query_detail" template="/WEB-INF/view/containers/user/veterinarian/diagnosis_query_detail.ftl"/>
	<definition name="veterinarian.container.body.petowner_profile" template="/WEB-INF/view/containers/user/veterinarian/petowner_profile.ftl"/>
	<definition name="veterinarian.container.body.dailyoutpatient_form" template="/WEB-INF/view/containers/user/veterinarian/dailyoutpatient_form.ftl"/>
	<definition name="veterinarian.container.body.dailyoutpatient_form_message" template="/WEB-INF/view/containers/user/veterinarian/dailyoutpatient_form_message.ftl"/>
	<definition name="veterinarian.container.body.dailyoutpatient_query" template="/WEB-INF/view/containers/user/veterinarian/dailyoutpatient_query.ftl"/>
	<definition name="veterinarian.container.body.dailyoutpatient_appointments" template="/WEB-INF/view/containers/user/veterinarian/dailyoutpatient_appointments.ftl"/>
	
	<definition name="petowner.container.left" template="/WEB-INF/view/containers/user/petowner/left.ftl"/>
	<definition name="petowner.container.body.home" template="/WEB-INF/view/containers/user/petowner/home.ftl"/>
	<definition name="petowner.container.body.profile" template="/WEB-INF/view/containers/user/petowner/profile.ftl"/>
	<definition name="petowner.container.body.pet_form" template="/WEB-INF/view/containers/user/petowner/pet_form.ftl"/>
	<definition name="petowner.container.body.pet_form_message" template="/WEB-INF/view/containers/user/petowner/pet_form_message.ftl"/>
	<definition name="petowner.container.body.pet_query" template="/WEB-INF/view/containers/user/petowner/pet_query.ftl"/>
	<definition name="petowner.container.body.password_form" template="/WEB-INF/view/containers/user/password_form.ftl"/>
	<definition name="petowner.container.body.password_form_message" template="/WEB-INF/view/containers/user/password_form_message.ftl"/>
	<definition name="petowner.container.body.interrogation_form" template="/WEB-INF/view/containers/user/petowner/interrogation_form.ftl"/>
	<definition name="petowner.container.body.interrogation_form_error" template="/WEB-INF/view/containers/user/petowner/interrogation_form_error.ftl"/>
	<definition name="petowner.container.body.interrogation_form_message" template="/WEB-INF/view/containers/user/petowner/interrogation_form_message.ftl"/>
	<definition name="petowner.container.body.interrogation_query" template="/WEB-INF/view/containers/user/petowner/interrogation_query.ftl"/>
	<definition name="petowner.container.body.interrogation_query_detail" template="/WEB-INF/view/containers/user/petowner/interrogation_query_detail.ftl"/>
	<definition name="petowner.container.body.dailyoutpatient_query" template="/WEB-INF/view/containers/user/petowner/dailyoutpatient_query.ftl"/>
	<definition name="petowner.container.body.dailyoutpatient_appointment_message" template="/WEB-INF/view/containers/user/petowner/dailyoutpatient_appointment_message.ftl"/>
	<definition name="petowner.container.body.appointment_query" template="/WEB-INF/view/containers/user/petowner/appointment_query.ftl"/>
	
	<!-- ======================================================= -->
	<!-- Component definitions                                   -->
	<!-- ======================================================= -->
	
	<!-- ======================================================= -->
	<!-- Page definitions                                        -->
	<!-- ======================================================= -->
	<definition name="admin/login" extends="admin.1column">
		<put-attribute name="body" value="admin.container.body.login" />
	</definition>
	<definition name="admin/requestTempPassword/form" extends="admin.1column">
		<put-attribute name="body" value="admin.container.body.requestTempPassowrd_form" />
	</definition>
	<definition name="admin/requestTempPassword/form/message" extends="admin.1column">
		<put-attribute name="body" value="admin.container.body.requestTempPassowrd_form_message" />
	</definition>
	<definition name="admin/home" extends="admin.2column">
		<put-attribute name="body" value="admin.container.body.home" />
	</definition>
	<definition name="admin/password/form" extends="admin.2column">
		<put-attribute name="body" value="admin.container.body.password_form" />
	</definition>
	<definition name="admin/password/form/message" extends="admin.2column">
		<put-attribute name="body" value="admin.container.body.password_form_message" />
	</definition>
	<definition name="admin/clinic/form/step1" extends="admin.2column">
		<put-attribute name="body" value="admin.container.body.clinic_form_step1" />
	</definition>
	<definition name="admin/clinic/form/step2" extends="admin.2column">
		<put-attribute name="body" value="admin.container.body.clinic_form_step2" />
	</definition>
	<definition name="admin/clinic/form/message" extends="admin.2column">
		<put-attribute name="body" value="admin.container.body.clinic_form_message" />
	</definition>
	<definition name="admin/clinic/query/form" extends="admin.2column">
		<put-attribute name="body" value="admin.container.body.clinic_query" />
	</definition>
	<definition name="admin/clinic/query/result" extends="admin.2column">
		<put-attribute name="body" value="admin.container.body.clinic_query" />
	</definition>
	<definition name="admin/veterinarian/form/step1" extends="admin.2column">
		<put-attribute name="body" value="admin.container.body.veterinarian_form_step1" />
	</definition>
	<definition name="admin/veterinarian/form/step2" extends="admin.2column">
		<put-attribute name="body" value="admin.container.body.veterinarian_form_step2" />
	</definition>
	<definition name="admin/veterinarian/form/message" extends="admin.2column">
		<put-attribute name="body" value="admin.container.body.veterinarian_form_message" />
	</definition>
	<definition name="admin/veterinarian/query/form" extends="admin.2column">
		<put-attribute name="body" value="admin.container.body.veterinarian_query" />
	</definition>
	<definition name="admin/veterinarian/query/result" extends="admin.2column">
		<put-attribute name="body" value="admin.container.body.veterinarian_query" />
	</definition>
	
	<definition name="index" extends="user.2column.unlogin">
		<put-attribute name="body" value="user.container.body.index" />
	</definition>
	<definition name="login" extends="user.1column">
		<put-attribute name="body" value="user.container.body.login" />
	</definition>
	<definition name="register" extends="user.2column.unlogin">
		<put-attribute name="body" value="user.container.body.register" />
	</definition>
	<definition name="requestTempPassword/form" extends="user.1column">
		<put-attribute name="body" value="user.container.body.requestTempPassowrd_form" />
	</definition>
	<definition name="requestTempPassword/form/message" extends="user.1column">
		<put-attribute name="body" value="user.container.body.requestTempPassowrd_form_message" />
	</definition>
	<definition name="clinic/query/form" extends="user.2column.unlogin">
		<put-attribute name="body" value="user.container.body.clinic_query" />
	</definition>
	<definition name="clinic/query/result" extends="user.2column.unlogin">
		<put-attribute name="body" value="user.container.body.clinic_query" />
	</definition>
	<definition name="clinic/query/detail" extends="user.2column.unlogin">
		<put-attribute name="body" value="user.container.body.clinic_query_detail" />
	</definition>
	<definition name="veterinarian/query/form" extends="user.2column.unlogin">
		<put-attribute name="body" value="user.container.body.veterinarian_query" />
	</definition>
	<definition name="veterinarian/query/result" extends="user.2column.unlogin">
		<put-attribute name="body" value="user.container.body.veterinarian_query" />
	</definition>
	<definition name="veterinarian/query/detail" extends="user.2column.unlogin">
		<put-attribute name="body" value="user.container.body.veterinarian_query_detail" />
	</definition>
	
	<definition name="veterinarian/home" extends="veterinarian.2column">
		<put-attribute name="body" value="veterinarian.container.body.home" />
	</definition>
	<definition name="veterinarian/profile" extends="veterinarian.2column">
		<put-attribute name="body" value="veterinarian.container.body.profile" />
	</definition>
	<definition name="veterinarian/password/form" extends="veterinarian.2column">
		<put-attribute name="body" value="veterinarian.container.body.password_form" />
	</definition>
	<definition name="veterinarian/password/form/message" extends="veterinarian.2column">
		<put-attribute name="body" value="veterinarian.container.body.password_form_message" />
	</definition>
	<definition name="veterinarian/interrogation/query/form" extends="veterinarian.2column">
		<put-attribute name="body" value="veterinarian.container.body.interrogation_query" />
	</definition>
	<definition name="veterinarian/interrogation/query/result" extends="veterinarian.2column">
		<put-attribute name="body" value="veterinarian.container.body.interrogation_query" />
	</definition>
	<definition name="veterinarian/interrogation/query/detail" extends="veterinarian.2column">
		<put-attribute name="body" value="veterinarian.container.body.interrogation_query_detail" />
	</definition>
	<definition name="veterinarian/diagnosis/form" extends="veterinarian.2column">
		<put-attribute name="body" value="veterinarian.container.body.diagnosis_form" />
	</definition>
	<definition name="veterinarian/diagnosis/form/error" extends="veterinarian.2column">
		<put-attribute name="body" value="veterinarian.container.body.diagnosis_form_error" />
	</definition>
	<definition name="veterinarian/diagnosis/form/message" extends="veterinarian.2column">
		<put-attribute name="body" value="veterinarian.container.body.diagnosis_form_message" />
	</definition>
	<definition name="veterinarian/diagnosis/query/form" extends="veterinarian.2column">
		<put-attribute name="body" value="veterinarian.container.body.diagnosis_query" />
	</definition>
	<definition name="veterinarian/diagnosis/query/result" extends="veterinarian.2column">
		<put-attribute name="body" value="veterinarian.container.body.diagnosis_query" />
	</definition>
	<definition name="veterinarian/diagnosis/query/detail" extends="veterinarian.2column">
		<put-attribute name="body" value="veterinarian.container.body.diagnosis_query_detail" />
	</definition>
	<definition name="veterinarian/petowner/profile" extends="veterinarian.2column">
		<put-attribute name="body" value="veterinarian.container.body.petowner_profile" />
	</definition>
	<definition name="veterinarian/dailyoutpatient/form" extends="veterinarian.2column">
		<put-attribute name="body" value="veterinarian.container.body.dailyoutpatient_form" />
	</definition>
	<definition name="veterinarian/dailyoutpatient/form/message" extends="veterinarian.2column">
		<put-attribute name="body" value="veterinarian.container.body.dailyoutpatient_form_message" />
	</definition>
	<definition name="veterinarian/dailyoutpatient/query/form" extends="veterinarian.2column">
		<put-attribute name="body" value="veterinarian.container.body.dailyoutpatient_query" />
	</definition>
	<definition name="veterinarian/dailyoutpatient/query/result" extends="veterinarian.2column">
		<put-attribute name="body" value="veterinarian.container.body.dailyoutpatient_query" />
	</definition>
	<definition name="veterinarian/dailyoutpatient/appointments" extends="veterinarian.2column">
		<put-attribute name="body" value="veterinarian.container.body.dailyoutpatient_appointments" />
	</definition>
	
	<definition name="petowner/home" extends="petowner.2column">
		<put-attribute name="body" value="petowner.container.body.home" />
	</definition>
	<definition name="petowner/profile" extends="petowner.2column">
		<put-attribute name="body" value="petowner.container.body.profile" />
	</definition>
	<definition name="petowner/password/form" extends="petowner.2column">
		<put-attribute name="body" value="petowner.container.body.password_form" />
	</definition>
	<definition name="petowner/password/form/message" extends="petowner.2column">
		<put-attribute name="body" value="petowner.container.body.password_form_message" />
	</definition>
	<definition name="petowner/pet/form" extends="petowner.2column">
		<put-attribute name="body" value="petowner.container.body.pet_form" />
	</definition>
	<definition name="petowner/pet/form/message" extends="petowner.2column">
		<put-attribute name="body" value="petowner.container.body.pet_form_message" />
	</definition>
	<definition name="petowner/pet/query/form" extends="petowner.2column">
		<put-attribute name="body" value="petowner.container.body.pet_query" />
	</definition>
	<definition name="petowner/pet/query/result" extends="petowner.2column">
		<put-attribute name="body" value="petowner.container.body.pet_query" />
	</definition>
	<definition name="petowner/clinic/query/form" extends="petowner.2column">
		<put-attribute name="body" value="user.container.body.clinic_query" />
	</definition>
	<definition name="petowner/clinic/query/result" extends="petowner.2column">
		<put-attribute name="body" value="user.container.body.clinic_query" />
	</definition>
	<definition name="petowner/clinic/query/detail" extends="petowner.2column">
		<put-attribute name="body" value="user.container.body.clinic_query_detail" />
	</definition>
	<definition name="petowner/veterinarian/query/form" extends="petowner.2column">
		<put-attribute name="body" value="user.container.body.veterinarian_query" />
	</definition>
	<definition name="petowner/veterinarian/query/result" extends="petowner.2column">
		<put-attribute name="body" value="user.container.body.veterinarian_query" />
	</definition>
	<definition name="petowner/veterinarian/query/detail" extends="petowner.2column">
		<put-attribute name="body" value="user.container.body.veterinarian_query_detail" />
	</definition>
	<definition name="petowner/interrogation/form" extends="petowner.2column">
		<put-attribute name="body" value="petowner.container.body.interrogation_form" />
	</definition>
	<definition name="petowner/interrogation/form/error" extends="petowner.2column">
		<put-attribute name="body" value="petowner.container.body.interrogation_form_error" />
	</definition>
	<definition name="petowner/interrogation/form/message" extends="petowner.2column">
		<put-attribute name="body" value="petowner.container.body.interrogation_form_message" />
	</definition>
	<definition name="petowner/interrogation/query/form" extends="petowner.2column">
		<put-attribute name="body" value="petowner.container.body.interrogation_query" />
	</definition>
	<definition name="petowner/interrogation/query/result" extends="petowner.2column">
		<put-attribute name="body" value="petowner.container.body.interrogation_query" />
	</definition>
	<definition name="petowner/interrogation/query/detail" extends="petowner.2column">
		<put-attribute name="body" value="petowner.container.body.interrogation_query_detail" />
	</definition>
	<definition name="petowner/dailyoutpatient/query/form" extends="petowner.2column">
		<put-attribute name="body" value="petowner.container.body.dailyoutpatient_query" />
	</definition>
	<definition name="petowner/dailyoutpatient/query/result" extends="petowner.2column">
		<put-attribute name="body" value="petowner.container.body.dailyoutpatient_query" />
	</definition>
	<definition name="petowner/dailyoutpatient/appointment/message" extends="petowner.2column">
		<put-attribute name="body" value="petowner.container.body.dailyoutpatient_appointment_message" />
	</definition>
	<definition name="petowner/appointment/query/form" extends="petowner.2column">
		<put-attribute name="body" value="petowner.container.body.appointment_query" />
	</definition>
	<definition name="petowner/appointment/query/result" extends="petowner.2column">
		<put-attribute name="body" value="petowner.container.body.appointment_query" />
	</definition>
	
</tiles-definitions>