insert  into `tbl_clinic`(`id`,`name`,`introduction`,`grade`,`address`,`telephone`,`email`,`star`,`management_password`,`status`,`created_date`,`created_by`,`last_modified_date`,`last_modified_by`) values 
(1,'上海宠物医院','上海宠物医院坐落于上海。',3,'上海市','60000001','service@shcwyy.com',5,'96e79218965eb72c92a549dd5a330112','ACTIVE','2011-01-18 00:00:00',1,'2011-01-18 00:00:00',1),
(2,'上海宠物医院-2','上海宠物医院2坐落于上海。',3,'上海市2','60000002','service@shcwyy2.com',5,'96e79218965eb72c92a549dd5a330112','ACTIVE','2011-01-18 00:00:00',1,'2011-01-18 00:00:00',1),
(3,'上海宠物医院-3','上海宠物医院3坐落于上海。',3,'上海市3','60000003','service@shcwyy3.com',5,'96e79218965eb72c92a549dd5a330112','ACTIVE','2011-01-18 00:00:00',1,'2011-01-18 00:00:00',1),
(4,'上海宠物医院-4','上海宠物医院4坐落于上海。',3,'上海市4','60000004','service@shcwyy4.com',5,'96e79218965eb72c92a549dd5a330112','ACTIVE','2011-01-18 00:00:00',1,'2011-01-18 00:00:00',1),
(5,'上海宠物医院-5','上海宠物医院5坐落于上海。',3,'上海市5','60000005','service@shcwyy5.com',5,'96e79218965eb72c92a549dd5a330112','ACTIVE','2011-01-18 00:00:00',1,'2011-01-18 00:00:00',1),
(6,'上海宠物医院-6','上海宠物医院6坐落于上海。',3,'上海市6','60000006','service@shcwyy6.com',5,'96e79218965eb72c92a549dd5a330112','ACTIVE','2011-01-18 00:00:00',1,'2011-01-18 00:00:00',1),
(7,'上海宠物医院-7','上海宠物医院7坐落于上海。',3,'上海市7','60000007','service@shcwyy7.com',5,'96e79218965eb72c92a549dd5a330112','ACTIVE','2011-01-18 00:00:00',1,'2011-01-18 00:00:00',1),
(8,'上海宠物医院-8','上海宠物医院8坐落于上海。',3,'上海市8','60000008','service@shcwyy8.com',5,'96e79218965eb72c92a549dd5a330112','ACTIVE','2011-01-18 00:00:00',1,'2011-01-18 00:00:00',1),
(9,'上海宠物医院-9','上海宠物医院9坐落于上海。',3,'上海市9','60000009','service@shcwyy9.com',5,'96e79218965eb72c92a549dd5a330112','ACTIVE','2011-01-18 00:00:00',1,'2011-01-18 00:00:00',1),
(10,'上海宠物医院-10','上海宠物医院10坐落于上海。',3,'上海市10','60000010','service@shcwyy10.com',5,'96e79218965eb72c92a549dd5a330112','ACTIVE','2011-01-18 00:00:00',1,'2011-01-18 00:00:00',1),
(11,'上海宠物医院-11','上海宠物医院11坐落于上海。',2,'上海市11','60000011','service@shcwyy11.com',4,'96e79218965eb72c92a549dd5a330112','ACTIVE','2011-01-18 00:00:00',1,'2011-01-18 00:00:00',1),
(12,'上海宠物医院-12','上海宠物医院12坐落于上海。',2,'上海市12','60000012','service@shcwyy12.com',4,'96e79218965eb72c92a549dd5a330112','ACTIVE','2011-01-18 00:00:00',1,'2011-01-18 00:00:00',1),
(13,'上海宠物医院-13','上海宠物医院13坐落于上海。',2,'上海市13','60000013','service@shcwyy13.com',4,'96e79218965eb72c92a549dd5a330112','ACTIVE','2011-01-18 00:00:00',1,'2011-01-18 00:00:00',1),
(14,'上海宠物医院-14','上海宠物医院14坐落于上海。',2,'上海市14','60000014','service@shcwyy14.com',4,'96e79218965eb72c92a549dd5a330112','ACTIVE','2011-01-18 00:00:00',1,'2011-01-18 00:00:00',1),
(15,'上海宠物医院-15','上海宠物医院15坐落于上海。',2,'上海市15','60000015','service@shcwyy15.com',4,'96e79218965eb72c92a549dd5a330112','ACTIVE','2011-01-18 00:00:00',1,'2011-01-18 00:00:00',1),
(16,'上海宠物医院-16','上海宠物医院16坐落于上海。',2,'上海市16','60000016','service@shcwyy16.com',4,'96e79218965eb72c92a549dd5a330112','ACTIVE','2011-01-18 00:00:00',1,'2011-01-18 00:00:00',1),
(17,'上海宠物医院-17','上海宠物医院17坐落于上海。',2,'上海市17','60000017','service@shcwyy17.com',4,'96e79218965eb72c92a549dd5a330112','ACTIVE','2011-01-18 00:00:00',1,'2011-01-18 00:00:00',1),
(18,'上海宠物医院-18','上海宠物医院18坐落于上海。',2,'上海市18','60000018','service@shcwyy18.com',4,'96e79218965eb72c92a549dd5a330112','ACTIVE','2011-01-18 00:00:00',1,'2011-01-18 00:00:00',1),
(19,'上海宠物医院-19','上海宠物医院19坐落于上海。',2,'上海市19','60000019','service@shcwyy19.com',4,'96e79218965eb72c92a549dd5a330112','ACTIVE','2011-01-18 00:00:00',1,'2011-01-18 00:00:00',1),
(20,'上海宠物医院-20','上海宠物医院20坐落于上海。',2,'上海市20','60000020','service@shcwyy20.com',4,'96e79218965eb72c92a549dd5a330112','ACTIVE','2011-01-18 00:00:00',1,'2011-01-18 00:00:00',1),
(21,'上海宠物医院-21','上海宠物医院21坐落于上海。',1,'上海市21','60000021','service@shcwyy21.com',3,'96e79218965eb72c92a549dd5a330112','INACTIVE','2011-01-18 00:00:00',1,'2011-01-18 00:00:00',1),
(22,'上海宠物医院-22','上海宠物医院22坐落于上海。',1,'上海市22','60000022','service@shcwyy22.com',3,'96e79218965eb72c92a549dd5a330112','INACTIVE','2011-01-18 00:00:00',1,'2011-01-18 00:00:00',1),
(23,'上海宠物医院-23','上海宠物医院23坐落于上海。',1,'上海市23','60000023','service@shcwyy23.com',3,'96e79218965eb72c92a549dd5a330112','INACTIVE','2011-01-18 00:00:00',1,'2011-01-18 00:00:00',1),
(24,'上海宠物医院-24','上海宠物医院24坐落于上海。',1,'上海市24','60000024','service@shcwyy24.com',3,'96e79218965eb72c92a549dd5a330112','INACTIVE','2011-01-18 00:00:00',1,'2011-01-18 00:00:00',1),
(25,'上海宠物医院-25','上海宠物医院25坐落于上海。',1,'上海市25','60000025','service@shcwyy25.com',3,'96e79218965eb72c92a549dd5a330112','INACTIVE','2011-01-18 00:00:00',1,'2011-01-18 00:00:00',1),
(26,'上海宠物医院-26','上海宠物医院26坐落于上海。',1,'上海市26','60000026','service@shcwyy26.com',3,'96e79218965eb72c92a549dd5a330112','INACTIVE','2011-01-18 00:00:00',1,'2011-01-18 00:00:00',1),
(27,'上海宠物医院-27','上海宠物医院27坐落于上海。',1,'上海市27','60000027','service@shcwyy27.com',3,'96e79218965eb72c92a549dd5a330112','INACTIVE','2011-01-18 00:00:00',1,'2011-01-18 00:00:00',1),
(28,'上海宠物医院-28','上海宠物医院28坐落于上海。',1,'上海市28','60000028','service@shcwyy28.com',3,'96e79218965eb72c92a549dd5a330112','INACTIVE','2011-01-18 00:00:00',1,'2011-01-18 00:00:00',1),
(29,'上海宠物医院-29','上海宠物医院29坐落于上海。',1,'上海市29','60000029','service@shcwyy29.com',3,'96e79218965eb72c92a549dd5a330112','INACTIVE','2011-01-18 00:00:00',1,'2011-01-18 00:00:00',1),
(30,'上海宠物医院-30','上海宠物医院30坐落于上海。',1,'上海市30','60000030','service@shcwyy30.com',3,'96e79218965eb72c92a549dd5a330112','INACTIVE','2011-01-18 00:00:00',1,'2011-01-18 00:00:00',1);

insert  into `tbl_user`(`id`,`username`,`password`,`temp_password`,`email`,`name`,`gender`,`status`,`user_type`,`created_date`,`created_by`,`last_modified_date`,`last_modified_by`) values 
(1,'admin','96e79218965eb72c92a549dd5a330112','e3ceb5881a0a1fdaad01296d7554868d','admin@petclinic.com','管理员1','MALE','ACTIVE',0,'2011-01-18 00:00:00',1,'2011-01-18 00:00:00',1),
(2,'vet','96e79218965eb72c92a549dd5a330112','e3ceb5881a0a1fdaad01296d7554868d','vet@petclinic.com','医生','MALE','ACTIVE',1,'2011-01-18 00:00:00',1,'2011-01-18 00:00:00',1),
(3,'vet2','96e79218965eb72c92a549dd5a330112','e3ceb5881a0a1fdaad01296d7554868d','vet2@petclinic.com','医生2','MALE','ACTIVE',1,'2011-01-18 00:00:00',1,'2011-01-18 00:00:00',1),
(4,'vet3','96e79218965eb72c92a549dd5a330112','e3ceb5881a0a1fdaad01296d7554868d','vet3@petclinic.com','医生3','MALE','ACTIVE',1,'2011-01-18 00:00:00',1,'2011-01-18 00:00:00',1),
(5,'vet4','96e79218965eb72c92a549dd5a330112','e3ceb5881a0a1fdaad01296d7554868d','vet4@petclinic.com','医生4','MALE','ACTIVE',1,'2011-01-18 00:00:00',1,'2011-01-18 00:00:00',1),
(6,'vet5','96e79218965eb72c92a549dd5a330112','e3ceb5881a0a1fdaad01296d7554868d','vet5@petclinic.com','医生5','MALE','ACTIVE',1,'2011-01-18 00:00:00',1,'2011-01-18 00:00:00',1),
(7,'vet6','96e79218965eb72c92a549dd5a330112','e3ceb5881a0a1fdaad01296d7554868d','vet6@petclinic.com','医生6','MALE','ACTIVE',1,'2011-01-18 00:00:00',1,'2011-01-18 00:00:00',1),
(8,'vet7','96e79218965eb72c92a549dd5a330112','e3ceb5881a0a1fdaad01296d7554868d','vet7@petclinic.com','医生7','MALE','ACTIVE',1,'2011-01-18 00:00:00',1,'2011-01-18 00:00:00',1),
(9,'vet8','96e79218965eb72c92a549dd5a330112','e3ceb5881a0a1fdaad01296d7554868d','vet8@petclinic.com','医生8','MALE','ACTIVE',1,'2011-01-18 00:00:00',1,'2011-01-18 00:00:00',1),
(10,'vet9','96e79218965eb72c92a549dd5a330112','e3ceb5881a0a1fdaad01296d7554868d','vet9@petclinic.com','医生9','MALE','ACTIVE',1,'2011-01-18 00:00:00',1,'2011-01-18 00:00:00',1),
(11,'vet10','96e79218965eb72c92a549dd5a330112','e3ceb5881a0a1fdaad01296d7554868d','vet10@petclinic.com','医生10','MALE','ACTIVE',1,'2011-01-18 00:00:00',1,'2011-01-18 00:00:00',1),
(12,'vet11','96e79218965eb72c92a549dd5a330112','e3ceb5881a0a1fdaad01296d7554868d','vet11@petclinic.com','医生11','FEMALE','ACTIVE',1,'2011-01-18 00:00:00',1,'2011-01-18 00:00:00',1),
(13,'vet12','96e79218965eb72c92a549dd5a330112','e3ceb5881a0a1fdaad01296d7554868d','vet12@petclinic.com','医生12','FEMALE','ACTIVE',1,'2011-01-18 00:00:00',1,'2011-01-18 00:00:00',1),
(14,'vet13','96e79218965eb72c92a549dd5a330112','e3ceb5881a0a1fdaad01296d7554868d','vet13@petclinic.com','医生13','FEMALE','ACTIVE',1,'2011-01-18 00:00:00',1,'2011-01-18 00:00:00',1),
(15,'vet14','96e79218965eb72c92a549dd5a330112','e3ceb5881a0a1fdaad01296d7554868d','vet14@petclinic.com','医生14','FEMALE','ACTIVE',1,'2011-01-18 00:00:00',1,'2011-01-18 00:00:00',1),
(16,'vet15','96e79218965eb72c92a549dd5a330112','e3ceb5881a0a1fdaad01296d7554868d','vet15@petclinic.com','医生15','FEMALE','ACTIVE',1,'2011-01-18 00:00:00',1,'2011-01-18 00:00:00',1),
(17,'vet16','96e79218965eb72c92a549dd5a330112','e3ceb5881a0a1fdaad01296d7554868d','vet16@petclinic.com','医生16','FEMALE','ACTIVE',1,'2011-01-18 00:00:00',1,'2011-01-18 00:00:00',1),
(18,'vet17','96e79218965eb72c92a549dd5a330112','e3ceb5881a0a1fdaad01296d7554868d','vet17@petclinic.com','医生17','FEMALE','ACTIVE',1,'2011-01-18 00:00:00',1,'2011-01-18 00:00:00',1),
(19,'vet18','96e79218965eb72c92a549dd5a330112','e3ceb5881a0a1fdaad01296d7554868d','vet18@petclinic.com','医生18','FEMALE','ACTIVE',1,'2011-01-18 00:00:00',1,'2011-01-18 00:00:00',1),
(20,'vet19','96e79218965eb72c92a549dd5a330112','e3ceb5881a0a1fdaad01296d7554868d','vet19@petclinic.com','医生19','FEMALE','ACTIVE',1,'2011-01-18 00:00:00',1,'2011-01-18 00:00:00',1),
(21,'vet20','96e79218965eb72c92a549dd5a330112','e3ceb5881a0a1fdaad01296d7554868d','vet20@petclinic.com','医生20','FEMALE','ACTIVE',1,'2011-01-18 00:00:00',1,'2011-01-18 00:00:00',1),
(22,'vet21','96e79218965eb72c92a549dd5a330112','e3ceb5881a0a1fdaad01296d7554868d','vet21@petclinic.com','医生21','MALE','INACTIVE',1,'2011-01-18 00:00:00',1,'2011-01-18 00:00:00',1),
(23,'vet22','96e79218965eb72c92a549dd5a330112','e3ceb5881a0a1fdaad01296d7554868d','vet22@petclinic.com','医生22','MALE','INACTIVE',1,'2011-01-18 00:00:00',1,'2011-01-18 00:00:00',1),
(24,'vet23','96e79218965eb72c92a549dd5a330112','e3ceb5881a0a1fdaad01296d7554868d','vet23@petclinic.com','医生23','MALE','INACTIVE',1,'2011-01-18 00:00:00',1,'2011-01-18 00:00:00',1),
(25,'vet24','96e79218965eb72c92a549dd5a330112','e3ceb5881a0a1fdaad01296d7554868d','vet24@petclinic.com','医生24','MALE','INACTIVE',1,'2011-01-18 00:00:00',1,'2011-01-18 00:00:00',1),
(26,'vet25','96e79218965eb72c92a549dd5a330112','e3ceb5881a0a1fdaad01296d7554868d','vet25@petclinic.com','医生25','MALE','INACTIVE',1,'2011-01-18 00:00:00',1,'2011-01-18 00:00:00',1),
(27,'vet26','96e79218965eb72c92a549dd5a330112','e3ceb5881a0a1fdaad01296d7554868d','vet26@petclinic.com','医生26','FEMALE','INACTIVE',1,'2011-01-18 00:00:00',1,'2011-01-18 00:00:00',1),
(28,'vet27','96e79218965eb72c92a549dd5a330112','e3ceb5881a0a1fdaad01296d7554868d','vet27@petclinic.com','医生27','FEMALE','INACTIVE',1,'2011-01-18 00:00:00',1,'2011-01-18 00:00:00',1),
(29,'vet28','96e79218965eb72c92a549dd5a330112','e3ceb5881a0a1fdaad01296d7554868d','vet28@petclinic.com','医生28','FEMALE','INACTIVE',1,'2011-01-18 00:00:00',1,'2011-01-18 00:00:00',1),
(30,'vet29','96e79218965eb72c92a549dd5a330112','e3ceb5881a0a1fdaad01296d7554868d','vet29@petclinic.com','医生29','FEMALE','INACTIVE',1,'2011-01-18 00:00:00',1,'2011-01-18 00:00:00',1),
(31,'vet30','96e79218965eb72c92a549dd5a330112','e3ceb5881a0a1fdaad01296d7554868d','vet30@petclinic.com','医生30','FEMALE','INACTIVE',1,'2011-01-18 00:00:00',1,'2011-01-18 00:00:00',1),
(32,'petowner','96e79218965eb72c92a549dd5a330112','e3ceb5881a0a1fdaad01296d7554868d','petowner@petclinic.com','宠物主人','MALE','ACTIVE',2,'2011-01-18 00:00:00',1,'2011-01-18 00:00:00',1),
(33,'petowner2','96e79218965eb72c92a549dd5a330112','e3ceb5881a0a1fdaad01296d7554868d','petowner2@petclinic.com','宠物主人2','MALE','ACTIVE',2,'2011-01-18 00:00:00',1,'2011-01-18 00:00:00',1),
(34,'petowner3','96e79218965eb72c92a549dd5a330112','e3ceb5881a0a1fdaad01296d7554868d','petowner3@petclinic.com','宠物主人3','MALE','ACTIVE',2,'2011-01-18 00:00:00',1,'2011-01-18 00:00:00',1),
(35,'petowner4','96e79218965eb72c92a549dd5a330112','e3ceb5881a0a1fdaad01296d7554868d','petowner4@petclinic.com','宠物主人4','MALE','ACTIVE',2,'2011-01-18 00:00:00',1,'2011-01-18 00:00:00',1),
(36,'petowner5','96e79218965eb72c92a549dd5a330112','e3ceb5881a0a1fdaad01296d7554868d','petowner5@petclinic.com','宠物主人5','MALE','ACTIVE',2,'2011-01-18 00:00:00',1,'2011-01-18 00:00:00',1),
(37,'petowner6','96e79218965eb72c92a549dd5a330112','e3ceb5881a0a1fdaad01296d7554868d','petowner6@petclinic.com','宠物主人6','FEMALE','ACTIVE',2,'2011-01-18 00:00:00',1,'2011-01-18 00:00:00',1),
(38,'petowner7','96e79218965eb72c92a549dd5a330112','e3ceb5881a0a1fdaad01296d7554868d','petowner7@petclinic.com','宠物主人7','FEMALE','ACTIVE',2,'2011-01-18 00:00:00',1,'2011-01-18 00:00:00',1),
(39,'petowner8','96e79218965eb72c92a549dd5a330112','e3ceb5881a0a1fdaad01296d7554868d','petowner8@petclinic.com','宠物主人8','FEMALE','ACTIVE',2,'2011-01-18 00:00:00',1,'2011-01-18 00:00:00',1),
(40,'petowner9','96e79218965eb72c92a549dd5a330112','e3ceb5881a0a1fdaad01296d7554868d','petowner9@petclinic.com','宠物主人9','FEMALE','ACTIVE',2,'2011-01-18 00:00:00',1,'2011-01-18 00:00:00',1);

insert  into `tbl_administrator`(`id`) values (1);

insert  into `tbl_veterinarian`(`id`,`clinic_id`,`title`,`introduction`,`telephone`,`birthdate`,`workingdate`,`speciality_category_id`) values 
(2,1,'主任','拥有10年宠物医疗经验。','61111111','1970-01-01','1995-01-01',1),
(3,2,'主任','拥有10年宠物医疗经验。','61111112','1970-01-01','1995-01-01',1),
(4,3,'主任','拥有10年宠物医疗经验。','61111113','1970-01-01','1995-01-01',1),
(5,4,'主任','拥有10年宠物医疗经验。','61111114','1970-01-01','1995-01-01',1),
(6,5,'主任','拥有10年宠物医疗经验。','61111115','1970-01-01','1995-01-01',1),
(7,6,'主任','拥有10年宠物医疗经验。','61111116','1970-01-01','1995-01-01',2),
(8,7,'主任','拥有10年宠物医疗经验。','61111117','1970-01-01','1995-01-01',2),
(9,8,'主任','拥有10年宠物医疗经验。','61111118','1970-01-01','1995-01-01',2),
(10,9,'主任','拥有10年宠物医疗经验。','61111119','1970-01-01','1995-01-01',2),
(11,10,'主任','拥有10年宠物医疗经验。','61111110','1970-01-01','1995-01-01',2),
(12,11,'主任','拥有10年宠物医疗经验。','61111111','1970-01-01','1995-01-01',3),
(13,12,'主任','拥有10年宠物医疗经验。','61111112','1970-01-01','1995-01-01',3),
(14,13,'主任','拥有10年宠物医疗经验。','61111113','1970-01-01','1995-01-01',3),
(15,14,'主任','拥有10年宠物医疗经验。','61111114','1970-01-01','1995-01-01',3),
(16,15,'主任','拥有10年宠物医疗经验。','61111115','1970-01-01','1995-01-01',3),
(17,16,'主任','拥有10年宠物医疗经验。','61111116','1970-01-01','1995-01-01',4),
(18,17,'主任','拥有10年宠物医疗经验。','61111117','1970-01-01','1995-01-01',4),
(19,18,'主任','拥有10年宠物医疗经验。','61111118','1970-01-01','1995-01-01',4),
(20,19,'主任','拥有10年宠物医疗经验。','61111119','1970-01-01','1995-01-01',4),
(21,20,'主任','拥有10年宠物医疗经验。','61111120','1970-01-01','1995-01-01',4),
(22,21,'主任','拥有10年宠物医疗经验。','61111121','1970-01-01','1995-01-01',100),
(23,22,'主任','拥有10年宠物医疗经验。','61111122','1970-01-01','1995-01-01',100),
(24,23,'主任','拥有10年宠物医疗经验。','61111123','1970-01-01','1995-01-01',100),
(25,24,'主任','拥有10年宠物医疗经验。','61111124','1970-01-01','1995-01-01',100),
(26,25,'主任','拥有10年宠物医疗经验。','61111125','1970-01-01','1995-01-01',100),
(27,26,'主任','拥有10年宠物医疗经验。','61111126','1970-01-01','1995-01-01',100),
(28,27,'主任','拥有10年宠物医疗经验。','61111127','1970-01-01','1995-01-01',100),
(29,28,'主任','拥有10年宠物医疗经验。','61111128','1970-01-01','1995-01-01',100),
(30,29,'主任','拥有10年宠物医疗经验。','61111129','1970-01-01','1995-01-01',100),
(31,30,'主任','拥有10年宠物医疗经验。','61111130','1970-01-01','1995-01-01',100);

insert  into `tbl_petowner`(`id`,`id_card`,`birthdate`,`address`,`zipcode`,`telephone`) values 
(32,'310000198101010001','1981-01-01','上海市','200000','13900000001'),
(33,'310000198101010002','1981-01-01','上海市','200000','13900000002'),
(34,'310000198101010003','1981-01-01','上海市','200000','13900000003'),
(35,'310000198101010004','1981-01-01','上海市','200000','13900000004'),
(36,'310000198101010005','1981-01-01','上海市','200000','13900000005'),
(37,'310000198101010006','1981-01-01','上海市','200000','13900000006'),
(38,'310000198101010007','1981-01-01','上海市','200000','13900000007'),
(39,'310000198101010008','1981-01-01','上海市','200000','13900000008'),
(40,'310000198101010009','1981-01-01','上海市','200000','13900000009');

insert  into `tbl_pet_category`(`id`,`name`,`description`) values 
(1,'狗科',NULL),
(2,'猫科',NULL),
(3,'鸟类',NULL),
(4,'鱼类',NULL),
(100,'其它',NULL);

insert  into `tbl_pet`(`id`,`petowner_id`,`category_id`,`name`,`gender`,`birthdate`,`introduction`,`created_date`,`created_by`,`last_modified_date`,`last_modified_by`) values 
(1,32,1,'小强','MALE','2010-11-01','<p>\r\n	身长1米，体重20公斤，黑色。</p>\r\n','2011-02-09 15:34:53',32,'2011-02-09 15:39:23',32),
(2,32,2,'小花','FEMALE','2010-12-01','<p>\r\n	身长50厘米，体重10公斤，花色。</p>\r\n','2011-02-09 15:37:25',32,'2011-02-09 15:37:25',32);

insert  into `tbl_interrogation`(`id`,`pet_id`,`petowner_id`,`vet_id`,`name`,`start_date`,`symptom`,`memo`,`status`,`created_date`,`created_by`,`last_modified_date`,`last_modified_by`) values 
(1,1,32,2,'肚子痛','2011-02-10 00:00:00','<p>\r\n	连续拉肚子，拉了2天了，状态也不好。<br />\r\n	还整天乱叫。</p>\r\n','麻烦医生看一下了','DIAGNOSED','2011-02-12 20:30:03',32,'2011-02-12 20:30:03',32),
(2,2,32,3,'肚子疼','2011-02-13 00:00:00','<p>\r\n	肚子疼，还乱叫</p>\r\n','','DIAGNOSED','2011-02-13 11:36:40',32,'2011-02-13 11:36:40',32);

insert  into `tbl_diagnosis`(`id`,`interrogation_id`,`vet_id`,`symptom`,`diagnosis`,`therapy`,`prescription`,`star`,`status`,`created_date`,`created_by`,`last_modified_date`,`last_modified_by`) values 
(1,1,2,'<p>\r\n	连续拉肚子，拉了2天了，状态也不好。<br />\r\n	还整天乱叫。</p>\r\n','<p>\r\n	天气干燥，风寒。</p>\r\n','<p>\r\n	服药睡觉。</p>\r\n','<p>\r\n	立散痛，1天2次。</p>\r\n',4,'STARED','2011-02-13 10:44:20',2,'2011-02-13 10:44:20',2),
(2,2,3,'<p>\r\n	肚子疼，还乱叫</p>\r\n','<p>\r\n	风寒</p>\r\n','<p>\r\n	睡觉</p>\r\n','',NULL,'NEW','2011-02-13 11:40:52',3,'2011-02-13 11:40:52',3);
